"Time","ai for business","claude vs chatgpt","chatgpt vs claude","small business ai","ai for construction","ai for manufacturing","invoice ai"
"2025-03-02",9,4,0,0,0,0,0
"2025-03-09",16,0,3,0,0,0,0
"2025-03-16",12,0,3,3,0,0,0
"2025-03-23",13,0,4,0,0,0,0
"2025-03-30",15,0,0,0,0,0,0
"2025-04-06",14,0,0,0,0,0,0
"2025-04-13",10,0,0,0,0,0,0
"2025-04-20",11,0,0,0,0,0,0
"2025-04-27",11,3,0,0,0,0,0
"2025-05-04",13,0,0,0,0,0,0
"2025-05-11",17,0,0,0,0,0,0
"2025-05-18",14,6,5,0,0,0,0
"2025-05-25",19,5,4,3,0,0,4
"2025-06-01",25,3,0,0,4,0,0
"2025-06-08",24,6,5,0,4,0,0
"2025-06-15",21,0,0,5,4,0,0
"2025-06-22",17,4,5,5,0,0,0
"2025-06-29",13,4,0,0,0,0,0
"2025-07-06",17,0,0,7,0,0,0
"2025-07-13",15,4,0,0,0,0,0
"2025-07-20",15,5,8,0,0,0,0
"2025-07-27",19,3,0,5,0,0,0
"2025-08-03",17,5,4,5,0,0,0
"2025-08-10",22,4,6,0,0,0,0
"2025-08-17",17,3,3,0,0,0,4
"2025-08-24",13,4,4,3,8,0,0
"2025-08-31",17,4,0,0,0,0,0
"2025-09-07",17,0,0,0,0,0,0
"2025-09-14",14,0,0,0,0,0,0
"2025-09-21",15,0,0,0,0,0,0
"2025-09-28",11,3,5,0,0,0,0
"2025-10-05",14,0,4,0,0,0,0
"2025-10-12",12,0,0,0,0,0,0
"2025-10-19",12,0,0,0,0,0,0
"2025-10-26",29,0,3,9,4,0,4
"2025-11-02",63,5,4,18,12,8,6
"2025-11-09",41,0,0,11,8,0,3
"2025-11-16",62,4,4,18,12,9,4
"2025-11-23",82,4,0,21,17,12,5
"2025-11-30",100,5,6,24,27,15,7
"2025-12-07",97,4,0,20,21,16,7
"2025-12-14",69,0,0,13,16,9,7
"2025-12-21",68,0,0,14,13,8,5
"2025-12-28",68,5,4,16,10,7,4
"2026-01-04",74,5,0,15,14,7,4
"2026-01-11",71,7,7,15,16,11,6
"2026-01-18",95,5,5,18,13,10,10
"2026-01-25",83,6,6,14,18,8,6
"2026-02-01",75,7,10,11,12,6,4
"2026-02-08",90,10,11,17,13,14,6
"2026-02-15",31,7,11,7,7,1,2
"2026-02-22",25,12,12,5,4,2,2